{
  "build": "py37haa95532_0",
  "build_number": 0,
  "channel": "https://repo.anaconda.com/pkgs/main/win-64",
  "constrains": [],
  "depends": [
    "python >=3.7,<3.8.0a0"
  ],
  "extracted_package_dir": "C:\\Users\\boogl\\anaconda3\\pkgs\\certifi-2022.12.7-py37haa95532_0",
  "features": "",
  "files": [
    "Lib/site-packages/certifi-2022.12.7.dist-info/INSTALLER",
    "Lib/site-packages/certifi-2022.12.7.dist-info/LICENSE",
    "Lib/site-packages/certifi-2022.12.7.dist-info/METADATA",
    "Lib/site-packages/certifi-2022.12.7.dist-info/RECORD",
    "Lib/site-packages/certifi-2022.12.7.dist-info/REQUESTED",
    "Lib/site-packages/certifi-2022.12.7.dist-info/WHEEL",
    "Lib/site-packages/certifi-2022.12.7.dist-info/direct_url.json",
    "Lib/site-packages/certifi-2022.12.7.dist-info/top_level.txt",
    "Lib/site-packages/certifi/__init__.py",
    "Lib/site-packages/certifi/__main__.py",
    "Lib/site-packages/certifi/__pycache__/__init__.cpython-37.pyc",
    "Lib/site-packages/certifi/__pycache__/__main__.cpython-37.pyc",
    "Lib/site-packages/certifi/__pycache__/core.cpython-37.pyc",
    "Lib/site-packages/certifi/cacert.pem",
    "Lib/site-packages/certifi/core.py",
    "Lib/site-packages/certifi/py.typed",
    ".nonadmin"
  ],
  "fn": "certifi-2022.12.7-py37haa95532_0.conda",
  "legacy_bz2_md5": "d72f024da3d8a5d6ff5d50311eb6345a",
  "license": "MPL-2.0",
  "license_family": "Other",
  "link": {
    "source": "C:\\Users\\boogl\\anaconda3\\pkgs\\certifi-2022.12.7-py37haa95532_0",
    "type": 1
  },
  "md5": "b4d6066b728ed98f5c5ae3cc9c56a74c",
  "name": "certifi",
  "package_tarball_full_path": "C:\\Users\\boogl\\anaconda3\\pkgs\\certifi-2022.12.7-py37haa95532_0.conda",
  "paths_data": {
    "paths": [
      {
        "_path": "Lib/site-packages/certifi-2022.12.7.dist-info/INSTALLER",
        "path_type": "hardlink",
        "sha256": "d0edee15f91b406f3f99726e44eb990be6e34fd0345b52b910c568e0eef6a2a8",
        "sha256_in_prefix": "d0edee15f91b406f3f99726e44eb990be6e34fd0345b52b910c568e0eef6a2a8",
        "size_in_bytes": 5
      },
      {
        "_path": "Lib/site-packages/certifi-2022.12.7.dist-info/LICENSE",
        "path_type": "hardlink",
        "sha256": "a02f6c638f9fb84d06f7764c3ab085d8af7eda5b93c166da54312479077c6fb0",
        "sha256_in_prefix": "a02f6c638f9fb84d06f7764c3ab085d8af7eda5b93c166da54312479077c6fb0",
        "size_in_bytes": 1052
      },
      {
        "_path": "Lib/site-packages/certifi-2022.12.7.dist-info/METADATA",
        "path_type": "hardlink",
        "sha256": "7ff1bb9aeb83b81690f4fffffa4b08decbc07715f9963929fb23485f4f0f3952",
        "sha256_in_prefix": "7ff1bb9aeb83b81690f4fffffa4b08decbc07715f9963929fb23485f4f0f3952",
        "size_in_bytes": 2889
      },
      {
        "_path": "Lib/site-packages/certifi-2022.12.7.dist-info/RECORD",
        "path_type": "hardlink",
        "sha256": "50513d49af57f15e8cf908f34486afffea53e8f8a9d803f5688d6e0e7c0fea67",
        "sha256_in_prefix": "50513d49af57f15e8cf908f34486afffea53e8f8a9d803f5688d6e0e7c0fea67",
        "size_in_bytes": 1203
      },
      {
        "_path": "Lib/site-packages/certifi-2022.12.7.dist-info/REQUESTED",
        "path_type": "hardlink",
        "sha256": "e3b0c44298fc1c149afbf4c8996fb92427ae41e4649b934ca495991b7852b855",
        "sha256_in_prefix": "e3b0c44298fc1c149afbf4c8996fb92427ae41e4649b934ca495991b7852b855",
        "size_in_bytes": 0
      },
      {
        "_path": "Lib/site-packages/certifi-2022.12.7.dist-info/WHEEL",
        "path_type": "hardlink",
        "sha256": "1b5e87e00dc87a84269cead8578b9e6462928e18a95f1f3373c9eef451a5bcc0",
        "sha256_in_prefix": "1b5e87e00dc87a84269cead8578b9e6462928e18a95f1f3373c9eef451a5bcc0",
        "size_in_bytes": 92
      },
      {
        "_path": "Lib/site-packages/certifi-2022.12.7.dist-info/direct_url.json",
        "path_type": "hardlink",
        "sha256": "554cf58ef81ac698fad33e93ffcfe3d2d1f6bdf2f08f47dc500f2fb516bb4611",
        "sha256_in_prefix": "554cf58ef81ac698fad33e93ffcfe3d2d1f6bdf2f08f47dc500f2fb516bb4611",
        "size_in_bytes": 95
      },
      {
        "_path": "Lib/site-packages/certifi-2022.12.7.dist-info/top_level.txt",
        "path_type": "hardlink",
        "sha256": "28cbb8bd409fb232eb90f6d235d81d7a44bea552730402453bffe723c345ebe5",
        "sha256_in_prefix": "28cbb8bd409fb232eb90f6d235d81d7a44bea552730402453bffe723c345ebe5",
        "size_in_bytes": 8
      },
      {
        "_path": "Lib/site-packages/certifi/__init__.py",
        "path_type": "hardlink",
        "sha256": "6cafe79bd6cb27336f599736a197624f08362960f81d23c158668cd33503bccc",
        "sha256_in_prefix": "6cafe79bd6cb27336f599736a197624f08362960f81d23c158668cd33503bccc",
        "size_in_bytes": 94
      },
      {
        "_path": "Lib/site-packages/certifi/__main__.py",
        "path_type": "hardlink",
        "sha256": "c410688fdd394d45812d118034e71fee88ba7beddd30fe1c1281bd3b232cd758",
        "sha256_in_prefix": "c410688fdd394d45812d118034e71fee88ba7beddd30fe1c1281bd3b232cd758",
        "size_in_bytes": 243
      },
      {
        "_path": "Lib/site-packages/certifi/__pycache__/__init__.cpython-37.pyc",
        "path_type": "hardlink",
        "sha256": "d0b673e81155948ca6403008c0ba83aae71a3ccb6e6237536ed282f6bd720d34",
        "sha256_in_prefix": "d0b673e81155948ca6403008c0ba83aae71a3ccb6e6237536ed282f6bd720d34",
        "size_in_bytes": 237
      },
      {
        "_path": "Lib/site-packages/certifi/__pycache__/__main__.cpython-37.pyc",
        "path_type": "hardlink",
        "sha256": "2c5346c23481c4b37b09fbe27f6df6e382a454c5ded9ec20cfb25587e17ce3c8",
        "sha256_in_prefix": "2c5346c23481c4b37b09fbe27f6df6e382a454c5ded9ec20cfb25587e17ce3c8",
        "size_in_bytes": 373
      },
      {
        "_path": "Lib/site-packages/certifi/__pycache__/core.cpython-37.pyc",
        "path_type": "hardlink",
        "sha256": "085acc5317304c514e9794948200fcc0ba8324b7544158c6056be23eab79618e",
        "sha256_in_prefix": "085acc5317304c514e9794948200fcc0ba8324b7544158c6056be23eab79618e",
        "size_in_bytes": 1867
      },
      {
        "_path": "Lib/site-packages/certifi/cacert.pem",
        "path_type": "hardlink",
        "sha256": "2c11c3ce08ffc40d390319c72bc10d4f908e9c634494d65ed2cbc550731fd524",
        "sha256_in_prefix": "2c11c3ce08ffc40d390319c72bc10d4f908e9c634494d65ed2cbc550731fd524",
        "size_in_bytes": 275233
      },
      {
        "_path": "Lib/site-packages/certifi/core.py",
        "path_type": "hardlink",
        "sha256": "9617b0cf4cc56f66f850bb10bab1259a5a18c10a1e7235b33ea63aecff13ee23",
        "sha256_in_prefix": "9617b0cf4cc56f66f850bb10bab1259a5a18c10a1e7235b33ea63aecff13ee23",
        "size_in_bytes": 4219
      },
      {
        "_path": "Lib/site-packages/certifi/py.typed",
        "path_type": "hardlink",
        "sha256": "e3b0c44298fc1c149afbf4c8996fb92427ae41e4649b934ca495991b7852b855",
        "sha256_in_prefix": "e3b0c44298fc1c149afbf4c8996fb92427ae41e4649b934ca495991b7852b855",
        "size_in_bytes": 0
      }
    ],
    "paths_version": 1
  },
  "requested_spec": "None",
  "sha256": "e4f5656fe327aeaa6cdf0043d1cb467dc04e42cc752260603375a7b42895a48e",
  "size": 152610,
  "subdir": "win-64",
  "timestamp": 1671487969566,
  "track_features": "",
  "url": "https://repo.anaconda.com/pkgs/main/win-64/certifi-2022.12.7-py37haa95532_0.conda",
  "version": "2022.12.7"
}